Complexity,Loss,Equation
1,0.06502028,"0.33914137"
5,0.06489861,"8.488174 / (x0 + 25.054949)"
7,0.064898364,"(0.98522747 / (x0 + 8.600571)) + 0.22355412"
